{
  "_fv": 66,
  "_type": "recipe",
  "definition": {
    "recipeType": "Crafting",
    "recipeRetstackSize": 1,
    "group": "",
    "cookingBookCategory": "MISC",
    "xpReward": 0.0,
    "cookingTime": 200,
    "craftingBookCategory": "MISC",
    "recipeShapeless": false,
    "recipeSlots": [
      {
        "value": "Blocks.SMOOTH_STONE"
      },
      {
        "value": "Items.IRON_PICKAXE"
      },
      {
        "value": "Blocks.SMOOTH_STONE"
      },
      {
        "value": "Items.REDSTONE"
      },
      {
        "value": "Items.EMERALD"
      },
      {
        "value": "Items.REDSTONE"
      },
      {
        "value": "Blocks.SMOOTH_STONE"
      },
      {
        "value": "Blocks.SMOOTH_STONE"
      },
      {
        "value": "Blocks.SMOOTH_STONE"
      }
    ],
    "recipeReturnStack": {
      "value": "CUSTOM:LootBagOpenerBlock"
    },
    "name": "bag_opener_recipe",
    "namespace": "mod"
  }
}