{
  "_fv": 66,
  "_type": "command",
  "definition": {
    "commandName": "Changereward",
    "type": "STANDARD",
    "permissionLevel": "4",
    "argsxml": "<xml xmlns=\"https://developers.google.com/blockly/xml\"><block type=\"args_start\" deletable=\"false\" x=\"40\" y=\"40\"><next><block type=\"message\"><field name=\"name\">loot_table_name</field><statement name=\"args\"><block type=\"call_procedure\"><field name=\"procedure\">ChangeBagRewardCommand</field></block></statement></block></next></block></xml>"
  }
}