{
  "_fv": 66,
  "_type": "gui",
  "definition": {
    "type": 1,
    "width": 176,
    "height": 166,
    "inventoryOffsetX": 0,
    "inventoryOffsetY": 0,
    "renderBgLayer": true,
    "doesPauseGame": false,
    "components": [
      {
        "type": "label",
        "data": {
          "name": "label_chooose_your_reward",
          "text": {
            "fixedValue": "Choose Your Reward"
          },
          "color": {
            "value": -16777216,
            "falpha": 0.0
          },
          "x": 166,
          "y": 44
        }
      },
      {
        "type": "outputslot",
        "data": {
          "id": 0,
          "disablePickup": {
            "fixedValue": true
          },
          "dropItemsWhenNotBound": false,
          "x": 150,
          "y": 62
        }
      },
      {
        "type": "outputslot",
        "data": {
          "id": 1,
          "disablePickup": {
            "fixedValue": true
          },
          "dropItemsWhenNotBound": false,
          "x": 204,
          "y": 62
        }
      },
      {
        "type": "outputslot",
        "data": {
          "id": 2,
          "disablePickup": {
            "fixedValue": true
          },
          "dropItemsWhenNotBound": false,
          "x": 258,
          "y": 62
        }
      },
      {
        "type": "button",
        "data": {
          "name": "button_select",
          "text": "Select",
          "isUndecorated": false,
          "onClick": {
            "name": "SelectRewardThree"
          },
          "width": 43,
          "height": 20,
          "x": 246,
          "y": 83
        }
      },
      {
        "type": "button",
        "data": {
          "name": "button_select1",
          "text": "Select",
          "isUndecorated": false,
          "onClick": {
            "name": "SelectRewardTwi"
          },
          "width": 44,
          "height": 20,
          "x": 191,
          "y": 83
        }
      },
      {
        "type": "button",
        "data": {
          "name": "button_select2",
          "text": "Select",
          "isUndecorated": false,
          "onClick": {
            "name": "SelectRewardOne"
          },
          "width": 45,
          "height": 20,
          "x": 136,
          "y": 83
        }
      }
    ],
    "onOpen": {
      "name": "CreateReward"
    },
    "gridSettings": {
      "sx": 18,
      "sy": 18,
      "ox": 11,
      "oy": 15,
      "snapOnGrid": false
    }
  }
}