{
  "_fv": 66,
  "_type": "config",
  "definition": {
    "pools": [
      {
        "category": "Loot Tables Rarity Config",
        "entries": [
          {
            "item": {
              "value": ""
            },
            "silkTouchMode": 5,
            "block": {
              "value": ""
            },
            "logicField": 0,
            "numberField": 0.0,
            "textDefault": "",
            "comment": "",
            "vardisplay": "common_lt_name",
            "varname": "common_lt_name",
            "enablecomment": false,
            "stringlist": [
              "mob_loot_bags:lootbags/common"
            ]
          },
          {
            "item": {
              "value": ""
            },
            "silkTouchMode": 5,
            "block": {
              "value": ""
            },
            "logicField": 0,
            "numberField": 0.0,
            "textDefault": "",
            "comment": "",
            "vardisplay": "uncommon_lt_name",
            "varname": "uncommon_lt_name",
            "enablecomment": false,
            "stringlist": [
              "mob_loot_bags:un_common"
            ]
          },
          {
            "item": {
              "value": ""
            },
            "silkTouchMode": 5,
            "block": {
              "value": ""
            },
            "logicField": 0,
            "numberField": 0.0,
            "textDefault": "",
            "comment": "",
            "vardisplay": "rare_lt_name",
            "varname": "rare_lt_name",
            "enablecomment": false,
            "stringlist": [
              "mob_loot_bags:lootbags/rare"
            ]
          },
          {
            "item": {
              "value": ""
            },
            "silkTouchMode": 5,
            "block": {
              "value": ""
            },
            "logicField": 0,
            "numberField": 0.0,
            "textDefault": "",
            "comment": "",
            "vardisplay": "epic_lt_name",
            "varname": "epic_lt_name",
            "enablecomment": false,
            "stringlist": [
              "mob_loot_bags:lootbags/epic"
            ]
          },
          {
            "item": {
              "value": ""
            },
            "silkTouchMode": 5,
            "block": {
              "value": ""
            },
            "logicField": 0,
            "numberField": 0.0,
            "textDefault": "",
            "comment": "",
            "vardisplay": "legendary_lt_name",
            "varname": "legendary_lt_name",
            "enablecomment": false,
            "stringlist": [
              "mob_loot_bags:legendary_loot_table"
            ]
          },
          {
            "item": {
              "value": ""
            },
            "silkTouchMode": 2,
            "block": {
              "value": ""
            },
            "logicField": 0,
            "numberField": 0.0,
            "textDefault": "minecraft:chests/end_city_treasure",
            "comment": "if you didn't setup any loot table this is the default one",
            "vardisplay": "default_lt_name",
            "varname": "default_lt_name",
            "enablecomment": true,
            "stringlist": []
          }
        ]
      },
      {
        "category": "Loot Bags Drop Rate Config",
        "entries": [
          {
            "item": {
              "value": ""
            },
            "silkTouchMode": 1,
            "block": {
              "value": ""
            },
            "logicField": 0,
            "numberField": 60.0,
            "textDefault": "",
            "comment": "",
            "vardisplay": "common_drop_rate",
            "varname": "common_drop_rate",
            "enablecomment": false,
            "stringlist": []
          },
          {
            "item": {
              "value": ""
            },
            "silkTouchMode": 1,
            "block": {
              "value": ""
            },
            "logicField": 0,
            "numberField": 25.0,
            "textDefault": "",
            "comment": "",
            "vardisplay": "uncommon_drop_rate",
            "varname": "uncommon_drop_rate",
            "enablecomment": false,
            "stringlist": []
          },
          {
            "item": {
              "value": ""
            },
            "silkTouchMode": 1,
            "block": {
              "value": ""
            },
            "logicField": 0,
            "numberField": 10.0,
            "textDefault": "",
            "comment": "",
            "vardisplay": "rare_drop_rate",
            "varname": "rare_drop_rate",
            "enablecomment": false,
            "stringlist": []
          },
          {
            "item": {
              "value": ""
            },
            "silkTouchMode": 1,
            "block": {
              "value": ""
            },
            "logicField": 0,
            "numberField": 4.0,
            "textDefault": "",
            "comment": "",
            "vardisplay": "epic_drop_rate",
            "varname": "epic_drop_rate",
            "enablecomment": false,
            "stringlist": []
          },
          {
            "item": {
              "value": ""
            },
            "silkTouchMode": 1,
            "block": {
              "value": ""
            },
            "logicField": 0,
            "numberField": 1.0,
            "textDefault": "",
            "comment": "",
            "vardisplay": "legendary_drop_rate",
            "varname": "legendary_drop_rate",
            "enablecomment": false,
            "stringlist": []
          },
          {
            "item": {
              "value": ""
            },
            "silkTouchMode": 1,
            "block": {
              "value": ""
            },
            "logicField": 0,
            "numberField": 80.0,
            "textDefault": "",
            "comment": "",
            "vardisplay": "drop_chance_overall",
            "varname": "drop_chance_overall",
            "enablecomment": false,
            "stringlist": []
          }
        ]
      }
    ],
    "file": "MobLootBags/MobsLootTables",
    "configType": 0
  }
}