{
  "_fv": 66,
  "_type": "recipe",
  "definition": {
    "recipeType": "Crafting",
    "recipeRetstackSize": 1,
    "group": "",
    "cookingBookCategory": "MISC",
    "xpReward": 0.0,
    "cookingTime": 200,
    "craftingBookCategory": "MISC",
    "recipeShapeless": false,
    "recipeSlots": [
      {
        "value": ""
      },
      {
        "value": ""
      },
      {
        "value": ""
      },
      {
        "value": "Blocks.REDSTONE_TORCH"
      },
      {
        "value": "Items.COMPARATOR"
      },
      {
        "value": "Blocks.REDSTONE_TORCH"
      },
      {
        "value": "Items.BUCKET"
      },
      {
        "value": "CUSTOM:LootBagOpenerBlock"
      },
      {
        "value": "Items.BUCKET"
      }
    ],
    "recipeReturnStack": {
      "value": "CUSTOM:LootBagRecycleBlock"
    },
    "name": "recycle_block_recipe",
    "namespace": "mod"
  }
}