{"stats":{"minecraft:custom":{"minecraft:time_since_rest":23645,"minecraft:play_time":23645,"minecraft:sprint_one_cm":16977,"minecraft:walk_one_cm":16179,"minecraft:sneak_time":5,"minecraft:drop":30,"minecraft:jump":199,"minecraft:leave_game":24,"minecraft:time_since_death":23645,"minecraft:total_world_time":26825,"minecraft:interact_with_crafting_table":5,"minecraft:fly_one_cm":45087,"minecraft:fall_one_cm":2566},"minecraft:mined":{"mob_loot_bags:loot_bag_opener_block":1,"mob_loot_bags:loot_bag_recycle_block":1},"minecraft:used":{"minecraft:iron_chestplate":2,"mob_loot_bags:loot_bag_recycle_block":3,"minecraft:diamond_boots":1,"mob_loot_bags:loot_bag_opener_block":2,"minecraft:crafting_table":1,"minecraft:oak_button":1,"minecraft:iron_boots":1,"minecraft:diamond_leggings":1},"minecraft:dropped":{"minecraft:iron_boots":4,"minecraft:stone_pickaxe":4,"minecraft:diamond_chestplate":3,"minecraft:diamond":366,"minecraft:beetroot_seeds":6,"mob_loot_bags:custom_loot_bag":62,"minecraft:gold_ingot":55,"minecraft:stone_shovel":1,"minecraft:emerald":3},"minecraft:crafted":{"mob_loot_bags:loot_bag_recycle_block":1,"mob_loot_bags:loot_bag_opener_block":1},"minecraft:picked_up":{"mob_loot_bags:custom_loot_bag":62,"minecraft:iron_leggings":737,"minecraft:iron_shovel":6,"minecraft:diamond_chestplate":2,"minecraft:stone_shovel":1,"minecraft:diamond":11830,"mob_loot_bags:loot_bag_recycle_block":1,"minecraft:diamond_leggings":390,"minecraft:stone_pickaxe":4,"minecraft:bread":751,"minecraft:gold_ingot":4562,"minecraft:emerald":3,"minecraft:iron_pickaxe":428,"mob_loot_bags:loot_bag_opener_block":1}},"DataVersion":3465}